Id;lpa_id
shawbi;755914244100
Okonomiyaki;1331439861760
cazman;755914244100
Geo12;755914244100
Silicon;755914244100
Marulu;1331439861760
DaddaRuleKonge;1331439861760
modmaster;1331439861760
DBloke;1331439861760
gamesbloke;1331439861760
merc;1331439861760
unstablewarpfield;1331439861760
bennybtl;1331439861760
DER3Z;1331439861760
adler_0;1331439861760
djjack;755914244100
Taute;755914244098
HonkeyKong;1331439861760
Thomas Rode;755914244098
plankton;755914244098
David;755914244100
Fwirt;1331439861760
Issa;1331439861760
Brian Hodges;1331439861760
Matthew Callis;1331439861760
Tauwasser;1331439861760
Sega CD;1331439861760
lklunder;1331439861760
svenk91;1331439861760
Dubble;755914244100
L___E___T;1331439861760
ALLeyeCisRED;1331439861760
DMC;1331439861760
Guido Anchovy;1331439861760
Craby;1331439861760
Acer;755914244098
cr1901;1331439861760
RayXambeR;1331439861760
Bubbletopseb;1331439861760
Chris2;755914244100
BigFred;1331439861760
desert_fan_club;1331439861760
Vitual Jim;755914244100
GameJunkie;1331439861760
mavness;1331439861760
czar_h;1331439861760
slicerd;1331439861760
(_) u a k e;755914244100
...;755914244100
Hungry Mech;755914244100
jpkiller69;1331439861760
Dreth;1331439861760
core-gamers;755914244100
Motament;1331439861760
TheForce81;1331439861760
Arius Geist;755914244100
mobster011;755914244100
CodeFish;755914244100
KapuX;755914244100
burnin;755914244100
modeltfordman;1331439861760
Andrew Nguyen;755914244098
xenon;755914244100
Hawl Tygar;755914244100
blizzardjesus;1331439861760
samus;755914244100
ThaChizzler;1331439861760
NMC1;755914244100
T-SqProductions;1331439861760
kcsims;1331439861760
Thehecter;1331439861760
badboybubby;755914244100
VirtualJockey;1331439861760
HtheB;755914244100
Minggus;1331439861760
capcomfan83;1331439861760
Benny;1331439861760
Streex;1331439861760
manicfoot;755914244100
gilgamesh;755914244100
Strangler;755914244100
PeckGoesVirtual;1331439861760
DarkusMarkus;1331439861760
fernando vba master;755914244100
konsolenfan;755914244098
sirhcman;755914244100
LazerDickMcCheese;1331439861760
thitherton;1331439861760
Gators;1331439861760
AceMilo;755914244100
goat84;755914244100
superduperdrew;1331439861760
raeshao;755914244100
Sampler;755914244100
enfilade;1331439861760
RyuCheese;755914244100
Supa~Squrriel;755914244100
ste;1331439861760
blah;755914244100
Erik;755914244100
∆ + 0 / 9;755914244100
kitaro;755914244100
xxpcmxx;755914244100
Fazered;755914244100
Ringman;755914244100
Johnny Phantom;1331439861760
IOwnMyWiiULEGIT;1331439861760
GeoAnas;1331439861760
Norkusa;1331439861760
kmksoulja;1331439861760
8bitmatt;1331439861760
DerSchatten;755914244100
Commanderraf;1331439861760
Fire-WSP;755914244100
Mednafen;1331439861760
shistos;755914244100
Mobius;180388626433
ferris;1331439861760
decayedmatter;1331439861760
albersan;755914244098
Agent2112;1331439861760
Black Chaos;755914244100
Da_GPer;1331439861760
VirtualBoyX;1331439861760
UncleTusker;1331439861760
Triumph;1331439861760
Dande?!;755914244100
brizio;755914244100
turqoisehex;1331439861760
Ryosaebaa;755914244100
JLateralus;755914244100
PerfectlyNoah;1331439861760
Sceptre_JLRB;1331439861760
zenintrude;1331439861760
Brandon Tabassi;755914244098
Greg Stevens;1331439861760
dimix;1331439861760
Jochen;755914244098
Kooper;755914244100
Autofaker;755914244100
willsg1977;755914244100
andresfc;1331439861760
Shokwav;1331439861760
ShinigamiPR;755914244100
jrodrigue2;1331439861760
Troma;755914244100
dRoSe;755914244100
edracon;755914244100
loktar;1331439861760
lopingg;1331439861760
Lester Knight;1331439861760
Jonny;1331439861760
MAXLEFOU;755914244100
stuey;1331439861760
DuelPear;1331439861760
guest;755914244100
Sam Murdock;755914244098
krs1;755914244100
gdfgdf;816043786241
AlexMarseglia;1331439861760
133MHz;1331439861760
VectrexRoli;1331439861760
Willy105;755914244100
Osmodiar;1331439861760
huhWhat;755914244100
Chaz;1331439861760
colb;755914244100
RileyVB;755914244100
XJaPaN;755914244100
JoserMDK;1331439861760
GauBan;1331439861760
HollowedEmpire;1331439861760
VirtualGirl;755914244098
RobotTypePerson3D;1331439861760
UncleGramps;1331439861760
Tres Wright;1331439861760
Tower of Infinity;755914244100
nitrosport2000;755914244100
retro gamer;755914244100
kurtori;1331439861760
KM;755914244100
3Dhardcore;1331439861760
Kirbendo;1331439861760
Nitrosoxide;1331439861760
LS650;755914244100
silver2236;755914244100
VBAddict;1331439861760
VirtuousRage;1331439861760
e5frog;1331439861760
benzin;1331439861760
Kemakill;1331439861760
rimsky82;1331439861760
cause415;1331439861760
Sbeehive;1331439861760
tomkong97;1331439861760
JavOLeeN;755914244100
MockyLock;1331439861760
bd974;1331439861760
ZKB;1331439861760
Megatron;1331439861760
akumie;1331439861760
Kk-Man;1331439861760
Kentendo;755914244100
Charrass69;755914244098
lordkevin;1331439861760
jzagal;1331439861760
CZroe;1331439861760
PeepingSnipa;1331439861760
joker1000;755914244098
Brahillia;1331439861760
fxyjenna89;1331439861760
megazoid;1331439861760
tegu;1331439861760
sf_fan;1331439861760
3DSJunkie;755914244100
RedIsAGreatColor;1331439861760
drsreym;755914244100
vbsteffel;1331439861760
Alex;1331439861760
jumpman;1331439861760
dolphin-maniac;755914244098
TheToxicCollector;1331439861760
fups;755914244100
Baptist;1331439861760
SQX;755914244098
injection18;755914244100
DogP;1331439861760
Russcular;1331439861760
Mack;1331439861760
Brooklyn;1331439861760
tom_01997;1331439861760
VirtualMan!;1331439861760
Jay666;1331439861760
I h8t you're message;1331439861760
Rhoam;1331439861760
ProtonX;1331439861760
edwingamino;755914244100
Bustedboy2;1331439861760
SPACE HARRIER;755914244100
frenchievb;1331439861760
-~=Hello=~-;755914244100
Kyrushi;1331439861760
DerekAutista;1331439861760
kim293;755914244100
jasonbar;1331439861760
kiltymchaggis;1331439861760
Akuma-Sama;755914244098
gryfang;755914244100
pocket;755914244100
thatguyinjapan;1331439861760
Octaedre;1331439861760
Trev;755914244100
MatthewMcGrath;1331439861760
Nessie;755914244100
crazymusicguy;1331439861760
Hadhod;755914244100
Gabriel;755914244098
pimp72;755914244100
renardqueenston;1331439861760
Michael Austin;1331439861760
MrSci-Fi;755914244100
D.R MARIO;755914244098
Phobophile;1331439861760
LeusteanVB;1331439861760
lostwithin;1331439861760
binary;1331439861760
Steve Solen;755914244100
mathew;1331439861760
DrWho198;1331439861760
saim jutt;1331439861760
guillaumeber;1331439861760
Alex uwu;1331439861760
aceman;755914244098
Metkid91;755914244100
mips5000;1331439861760
syncophono;1331439861760
Lynx;755914244100
Virtual Boy Freak;755914244098
Tighe;1331439861760
VirtualZoa;755914244100
Gamist;755914244100
3DBoyColor;1331439861760
Bernhard Müller;755914244098
CyberAkuma;1331439861760
Virtual_Ben;1331439861760
Wyndcrosser;1331439861760
16bitz;1331439861760
FAHQALL;1331439861760
Tokimemofan;1331439861760
the_importer;1331439861760
Key;1331439861760
Stirling;1331439861760
Foulmoustache;1331439861760
VBERIC;1331439861760
kevster;1331439861760
ilarri;755914244100
NGNM85;1331439861760
Rolan;1331439861760
Prkchpsndwiches;755914244100
HoMenace;1331439861760
norsk kriger;1331439861760
NeoGojira;1331439861760
AtariBorn;1331439861760
FlareFolf;1331439861760
DanB;1331439861760
seekaseeka;1331439861760
pm5k00;755914244100
Virtualboyblows;755914244100
jbonez;755914244100
Virtually_Obsessed;755914244100
andy;755914244098
njkauto1;1331439861760
SmokeMonster;1331439861760
mik;755914244100
Metal Man;1331439861760
Marco;755914244098
Plankton;755914244098
KGRAMR;1331439861760
johnme;755914244100
Zimbabwe;1331439861760
RocketMagnet;755914244100
SpiralPegasus;1331439861760
Ebisumaru;755914244100
mellott124;1331439861760
ThatOtherDan;1331439861760
XIX;755914244100
DrafT_PunK;755914244100
tanooki;755914244100
TopHatGamingMan;1331439861760
vbeol;1331439861760
SuperMew98;1331439861760
Mathieu;1331439861760
jimid2;755914244100
Philipxb;1331439861760
CRK;755914244098
TerryJ;1331439861760
zcore101;755914244098
Freeze;755914244100
bbutl001;755914244100
baron_beef_dip;1331439861760
Weatherton;755914244100
videotech;1331439861760
vassallo;1331439861760
Black&Red;1331439861760
BenRPG;755914244100
alesi80;1331439861760
Stein;755914244100
super mario;755914244098
Fredde;755914244100
ectoglow;1331439861760
Supergeon;1331439861760
pandepandu;755914244100
bieze;755914244100
Rob;755914244100
VBSAM;1331439861760
Slainte;1331439861760
TwinFami;1331439861760
BigScheaf;1331439861760
VirtualMoose;755914244100
gunpeiyokoifan;1331439861760
Speedle;1331439861760
Ironhell;755914244100
Pierce;755914244100
GokaiAwesome;1331439861760
El Borto;755914244100
vbman;1331439861760
reality_boy;755914244100
wcmiker;1331439861760
NR20;755914244100
Sergio;1331439861760
SP2003&VB;755914244100
duddyroar;1331439861760
Specialt1212;1331439861760
descarganga;1331439861760
ohioratrodder;1331439861760
Richard LP;1331439861760
Vender;1331439861760
wmi;1331439861760
virtuetovice;1331439861760
Red Eyed Madness;1331439861760
DCFreak;755914244100
akeara4;1331439861760
marle;755914244098
McHuffin;755914244100
mooshue;1331439861760
Gookanheimer;1331439861760
coleco;1331439861760
darthsteve333;1331439861760
popple;755914244100
Spinal;755914244100
Vegemetal;1331439861760
Nasum;1331439861760
Van7uke;1331439861760
nova1313;1331439861760
MrX;1331439861760
Viper0hr;1331439861760
Protoman85;1331439861760
Mandy;755914244100
Virtual_Bembo;755914244100
affection;1331439861760
vb-fan;1331439861760
Cobra71;755914244100
Jason;755914244098
Mimiphi;1331439861760
DPsx7;1331439861760
Rocksteady;755914244100
willi;755914244098
Yeti3D;1331439861760
nintendoclassic;755914244100
gwyndion;1331439861760
XSF04;755914244100
Noirtheater;755914244100
RpgCollector;1331439861760
DocAetzn;755914244100
haaze707;1331439861760
xl443;755914244100
Sega_gw;755914244100
homer_81;755914244098
danny;755914244100
brunorog;1331439861760
Lee A. Hannula;755914244100
TheHandsomeDan;1331439861760
Tets;755914244100
Feva Records;755914244100
anothercastle;755914244100
RetroGmr;1331439861760
bodkinz;1331439861760
Splurge;1331439861760
OneSwoodGuy;1331439861760
Gotmished;1331439861760
mattcutt;1331439861760
Techni;1331439861760
virtualpal;1331439861760
Tjb123;1331439861760
Monster;712964571137
Ken;1331439861760
Superkamiguru72;1331439861760
cualquiercosa327;1331439861760
Bleachmagic;1331439861760
Manwe;1331439861760
sandwich;1331439861760
ACressman89;1331439861760
RadioClash;755914244100
HandsomeDan;755914244100
Seam;1331439861760
virtual boy 2k;755914244100
Reel Big Fish;1331439861760
DrEvil;1331439861760
Sir William;755914244100
maccallan;755914244100
Rich;1331439861760
Poopy;712964571137
Lee Chapman;1331439861760
Princess;1331439861760
Climax Together;755914244100
fryster;1331439861760
sofiane;712964571137
Hoov3r;755914244100
Nirwana;755914244100
Daniel Reimer;1331439861760
Eugen Schlauch;755914244098
thaddius;755914244100
glaros;1331439861760
Parasyte;1331439861760
Vague Rant;1331439861760
Person;755914244100
3D in red;755914244098
Ryu Cheese;755914244100
Virtualman;755914244100
AdamDud;755914244100
Drazic;755914244100
virtualcol;1331439861760
TrJ22487;755914244100
VirtualLuigi;755914244100
eric;755914244098
Tanuki;755914244100
r05sco;1331439861760
Arvester;1331439861760
Ayce;755914244100
uzumaki;755914244100
ulao;1331439861760
lukegilmour;755914244100
Squeegor;1331439861760
peyo;1331439861760
MAXIMUS00;755914244100
bigmak;1331439861760
Mysticmaus;755914244100
terrisus;755914244100
j mo;1331439861760
hawk1010;1331439861760
madone;755914244100
Virtuanatic;1331439861760
Yackom;1331439861760
Dacy;1030792151047
ferny;523986010120
3L_S4N70;1331439861760
Jive;1331439861760
mxpxrobbie;1331439861760
PsychedelicShaman;1331439861760
Fred brown;755914244098
belinoreis;1331439861760
chicgamer;1331439861760
speedyink;1331439861760
flashbang_23;755914244100
virtualboyfan;755914244100
Jkelly;1331439861760
Poohie53;1331439861760
Shizbah;755914244100
syrupdash;1331439861760
FamicomFreak;755914244098
Seppatoni;755914244098
DevilsAvocado;1331439861760
Sidepocket;755914244100
knightrider666;1331439861760
skcin7;1331439861760
Deadly-D;755914244100
Akuma632;1331439861760
Gerhard Schweizer;755914244098
doesbenfoldfive;1331439861760
Elisha;712964571137
BillyTheBigDeal;1331439861760
smashkid;755914244098
funderos;755914244100
Atari26003;755914244100
DEEJAYZAQ;1331439861760
coupe_sherm;1331439861760
MortoffGames;1331439861760
Simonbelmont78;1331439861760
Guy Perfect;1331439861760
SoBS;755914244098
Burkel;1331439861760
Snowspinner;506806140934
nibiru8722;1331439861760
frostyboy;1331439861760
chrisgringo;1331439861760
Kira;755914244100
AlrightYa;1331439861760
dasi;1331439861760
Ryu;755914244100
Srimok;1331439861760
Callidus;1331439861760
0dd;1331439861760
drunkencat;1331439861760
Dr_Sbaitso;1331439861760
MrOwl;1331439861760
Florian;755914244098
VBlover;1331439861760
JAUG;1331439861760
Cornholio;1331439861760
kael;755914244100
nintendodork;1331439861760
darkknight109;1331439861760
VBmills;1331439861760
Samuel;755914244100
Marty866;755914244100
keneda;1331439861760
Masterking;755914244100
Koohiisan;1331439861760
LouSalome;1331439861760
Queen;755914244100
fallenzephir;1331439861760
VBK2889;1331439861760
Steril707;1331439861760
GEZ;1331439861760
virtualGreed;1331439861760
frAme666;755914244098
scarper;1331439861760
Benjamin Stevens;1331439861760
Ekitz;1331439861760
gameboy;816043786241
strudders;1331439861760
chrisyunger;755914244100
Alfissta;1331439861760
M.K.;1331439861760
MeatAndPotatoes;1331439861760
2Aron13;446676598791
nothing;755914244098
blubb;755914244100
danimalcollective;1331439861760
Thomas Brenner;755914244098
Jim;755914244100
MegaSilverX1;1331439861760
FearTheDodo;755914244100
KindHonestWoman7;523986010118
djense1;755914244100
jaku;755914244100
Raptor2569;1331439861760
goomboy;1331439861760
RobFRules;1331439861760
muskabulldog;1331439861760
clonecman;1331439861760
introvert;1331439861760
OzzySan;1331439861760
Mintor;755914244100
iMac G4;1331439861760
towersmaster;755914244098
Jadepicnic;1331439861760
TheretroGameboy;1331439861760
Kompressor;1331439861760
virtualman1995;1331439861760
hELLrIPPER;1331439861760
Christian Hedemann;755914244098
goo3r;755914244100
kcasey;1331439861760
Japon.se;1331439861760
Mr. G;1331439861760
Bruno;755914244100
Shiggsy;755914244100
Pawel;1331439861760
Fury;1331439861760
VB_sage;755914244100
FuriousJorge;1331439861760
Nesmaster75;1331439861760
Richard;755914244100
help!;712964571137
CrackShoot;1331439861760
Vorpal;755914244100
stranno;755914244100
KingDedede;755914244100
SHAWN;755914244100
celebi23;1331439861760
Hastin;755914244100
Zach the Xtra Guy;755914244098
danielps;1331439861760
ROGER GRONER ANWALT;755914244098
Tekebo;1331439861760
erictiernan;755914244100
realwws;755914244100
matthew rafalko;755914244100
Metalkid91;755914244100
Dimentia;755914244100
Fanatic Crisis;755914244100
megax9;1331439861760
Blombi;755914244098
Sunkan;755914244100
Konner;755914244100
masematte;1331439861760
mikezilla2;755914244100
Domingo696;1331439861760
ManBeard;1331439861760
Starfox;1331439861760
Pink_Pig;1331439861760
ghibben;755914244100
guruguy;1331439861760
Virual Jim;755914244100
Captain_kelly;1331439861760
Virtual JIM;755914244100
Tuna;755914244100
Thunder Fist;1331439861760
DocDoak;755914244098
Shabadoo;755914244100
bmo;1331439861760
dogeymon;1331439861760
Buck Russell;1331439861760
ntcmpjg;1331439861760
orangest;1331439861760
Vincenzo;755914244100
64BitMatthew;1331439861760
OoZic;1331439861760
DisizDream;755914244100
Hector;755914244100
DragonmasterDX;755914244100
KAOS;1331439861760
MichaelCarnage;1331439861760
terminalinsanity;755914244100
LarsHudec;1331439861760
J4K3R;755914244100
eljulinspace;1331439861760
Carsten;755914244098
KR155E;1331439861760
good evening;755914244100
RandomNumbersGuy;1331439861760
dimiris;755914244098
Ferris Bueller;1331439861760
Diego;755914244100
Jack.;1331439861760
FragHeadFred;1331439861760
Cosmoliner;1331439861760
Cymatic;1331439861760
DarrylFC;1331439861760
anikiii;1331439861760
Mitch Naz;755914244100
TECHSev;25769803781
Junio;755914244098
Unclemeat;755914244100
Hebbe_84;1331439861760
The virtual boy;755914244098
coyo5050;755914244100
Amarao;755914244100
sean;755914244100
Fwow13;1331439861760
Solidstate;1331439861760
zeromous;1331439861760
Mackin2010;1331439861760
Nosna;1331439861760
"\"Person\"";755914244100
wiidata.net;755914244098
Pre10der;1331439861760
sillyzombie666;1331439861760
seffers007;755914244100
Mike8redcoins;755914244100
retrocute;755914244098
jcdoe;1331439861760
DENNIS;755914244100
Syder;1331439861760
Michael Bernard;1331439861760
Tints;755914244100
michaelxoc;1331439861760
tcr9315;1331439861760
NamelessFPG;755914244100
Heraclio;755914244100
krebalo;1331439861760
Robert Molander;1331439861760
oldskoolmodderguy;1331439861760
dave;755914244100
litephiter;1331439861760
bubbletopsebas;755914244100
brasi;1331439861760
-BB-;755914244100
SkullAndXBones;1331439861760
Dr. Jeckidy;1331439861760
Axs;755914244100
realyst;1331439861760
madgolfertom;755914244098
TheMetalBeast;1331439861760
dremcast;1331439861760
ResidentSteve;1331439861760
RAD;1331439861760
rubengar;1331439861760
Core_Demon;343597383688
virtual boy liker;755914244098
Syxe66;1331439861760
Matt Fisher;1331439861760
rdk123;1331439861760
VBrulez;1331439861760
mimix;1331439861760
pseudonym anonym;755914244098
Vaughanabe13;1331439861760
Yeti_dude;1331439861760
Heliowalton;755914244100
Had0ken;1331439861760
kingbrandus111;755914244098
player2000;755914244100
MasterOfPuppets;1331439861760
WoLfMaN;1331439861760
Bam;755914244100
Nerd;755914244100
Bufko;755914244100
Mr Tom Ato;755914244100
dman;1331439861760
ArcadeAddict;1331439861760
Komris;1331439861760
Cyberdyne;755914244100
Slappy;712964571137
Esememon;755914244100
Sprachpoet;755914244100
Jared;755914244100
jets28cm;755914244100
Makaimura;1331439861760
KJ4860;1331439861760
bballctr50;1331439861760
virmonk;755914244100
D.T.;755914244098
Fiend-o-Hell;755914244100
Allen;1331439861760
_shameless_;1331439861760
pollo20x6;1331439861760
Dinniz;755914244100
Boneriver;1331439861760
FeistyGirl;755914244100
Fender119;1331439861760
minkkari;755914244100
DJMARCO;1331439861760
Knightcrawler;1331439861760
arthur;755914244100
Yart;1331439861760
Qen;1331439861760
norty;1331439861760
SoNick_RND;755914244100
Ryan Hoss;755914244100
Chavaflyfree;1331439861760
RetroDan;1331439861760
DaNDeE;755914244100
1upped;1331439861760
Zubari95;1331439861760
Pacman;1331439861760
starfoxi;755914244100
vuefinder83;1331439861760
jcrouse;755914244100
george;755914244100
Beginner;755914244100
SegNin;1331439861760
geoflcl;1331439861760
Fr0st;1331439861760
Salure;755914244100
mariaud;755914244100
Antonio;1554778161156
ChrisR;1331439861760
acedout1;1331439861760
83skillz;1331439861760
Jeth;755914244098
lwizardl;1331439861760
McFly;755914244100
Stomp9;1331439861760
Dagmar;1331439861760
Schwanck;1331439861760
Easycakeoven;1331439861760
Stay Gold;755914244100
superwer;755914244100
crono7;755914244100
footwo;1331439861760
justice;755914244100
adlena;1331439861760
Racer_Z51;1331439861760
ashame2004;755914244100
BGE;755914244098
Homsar3;1331439861760
Gast;755914244100
VB kirby;755914244100
isolomon6;1331439861760
WhiteSpyder;1331439861760
Dead Head;1331439861760
desumien;755914244100
Gameboygeek;755914244100
CJZEPP;1331439861760
Virtual Jim;755914244100
PizzaGeorge;1331439861760
manic23;1331439861760
Robert;1331439861760
S7AYONTARGE7;1331439861760
VirtualE;755914244100
Cruz40;1331439861760
skeg64;755914244100
VisualBoy Advance;712964571137
Sir_Ronny_2000;755914244098
CaptGinyu89;1331439861760
hkdio;1331439861760
egg_sanwich;1331439861760
kuskus;1331439861760
magic_bus;755914244100
insmouse;1331439861760
Wario;1331439861760
Hedgetrimmer;1331439861760
Gerrhod;755914244100
brian schulman;755914244098
norkusa;755914244100
fogamersix;1331439861760
sjp2;1331439861760
Big Bank Hank;1331439861760
robbievgb;1331439861760
CAKE;1331439861760
Andrew;755914244100
c0ldb33r;1331439861760
Paulygon;1331439861760
RunnerPack;1331439861760
NiNiV;1331439861760
Nedelbach;1331439861760
duey2k;1331439861760
xX760Xx;1331439861760
pablo;755914244100
person;755914244100
MichaelThurston;1331439861760
MisterBull;1331439861760
Masterxilo;755914244100
matt;755914244098
Rom;755914244098
kkabalka;1331439861760
jrronimo;1331439861760
StereoBoy;1331439861760
smileyman8b;1331439861760
mr red;755914244100
POLIWOG;755914244100
sea_man;1331439861760
Csprunger;755914244100
jacuk;1331439861760
Cauterize;1331439861760
bahooney;1331439861760
Chalvo;755914244100
virtualboyfreak;755914244100
game freak;1331439861760
FreshWhiteT;1331439861760
Twingatz;1030792151047
Rex Dart;1331439861760
Jack;755914244100
calpirro;755914244100
emul8this;1331439861760
quequotion;755914244098
ranger_lennier;755914244100
Malicedoll79;1331439861760
HarMarFan;1331439861760
Pmintz85;1331439861760
rklok;1331439861760
shadowtek;1331439861760
lolzerker;1331439861760
kwonic;1331439861760
Microtic;816043786241
Drouch22;1331439861760
jjaammeess;1331439861760
Undead;755914244100
Lumi;1331439861760
chrisideluxe22;755914244098
CaptainK;1331439861760
moog;755914244098
Supa Hot Fire;1331439861760
Der Lordkanzler;755914244098
Magnus Johansson;755914244098
gast;120259084296
VRZone;755914244100
DaG;1331439861760
Scottj10;1331439861760
VBRetroGamer;1331439861760
wetro;1331439861760
meshounah;1331439861760
basscadet;1331439861760
SenorBasil;1331439861760
NathanBarnatt;1331439861760
sonictonic;755914244100
Maraakate;1331439861760
LordXaero;1331439861760
EdwardianAge;755914244100
techgeik;1331439861760
StrayFelisCatus;1331439861760
boons;1331439861760
Virtual Shadow;755914244100
um;1331439861760
Nin;1331439861760
Shou;1331439861760
madmax;1331439861760
tarsius4;1331439861760
Breedlove;755914244100
CrazyMaster;755914244100
Alexander;1331439861760
KeiTaRo;1331439861760
Try4ce;1331439861760
babbygirl;755914244100
Dirkster;755914244098
Timm;755914244100
archimage;1331439861760
Fez;755914244100
husan93;1331439861760
retronintendonerd;1331439861760
Mobat555;755914244100
nabz32;1331439861760
HP Lovethrash;1331439861760
tetris911;1331439861760
ccanfield1;1331439861760
elreins;1331439861760
Vidjagamecollector;1331439861760
knocturne;1331439861760
RCAstudioII;1331439861760
nensondubois;1331439861760
ACiD;755914244100
bart711;335007449088
JoePassive;1331439861760
Phed;1331439861760
jmo;755914244100
thunderstruck;1331439861760
buddhazpriest;1331439861760
mbuchman;1331439861760
Sinistar87;1331439861760
JackLeather;1331439861760
SuperRetroBrosBlog;1331439861760
LordRayken;1331439861760
Murfo;1331439861760
MetroidHatchling;1331439861760
Peter;755914244098
jorgeche;1331439861760
Yodakiller3000;1331439861760
ramgarden;1331439861760
SNK;1331439861760
Virtual;1331439861760
Nick;755914244100
Nutmeister;755914244100
Neskid;1331439861760
fixedgerald;1331439861760
Andreas J.;755914244098
Ein Gast;755914244100
ExSlyder;1331439861760
Bonehead Braixen;1331439861760
tomaitheous;1331439861760
trumpy;1331439861760
gymstar;755914244100
suzushu;755914244100
Propane13;1331439861760
how do u get virtual boy advan;755914244100
VirtualHomsar12;1331439861760
victorboy;755914244100
ZeldaFan042;1331439861760
Marcus;755914244100
Joshtheleo;1331439861760
VirtualDiego;755914244100
trueskins;1331439861760
heftymadmonkey;1331439861760
skeptik82;1331439861760
helloimLAMEBOYandimfat;755914244100
octopus;1331439861760
Chris;755914244100
C4l^in;1331439861760
kwk;1331439861760
Jacob;1331439861760
d.r mario;755914244098
BoboTheGreat;1331439861760
Damian Borth;755914244098
mitssu75;1331439861760
Torchic;1331439861760
mouser;1331439861760
olanmills;1331439861760
the_red_one;1331439861760
tetrisgrammaton;1700807049221
Raverrevolution;1331439861760
Duane;755914244100
stanger63rd;1331439861760
Nox;755914244100
Protons;1331439861760
Go lay down and die!!!!;712964571137
SublimeJhn;1331439861760
james tolson;755914244100
Planlos1988;1331439861760
hultsimer;755914244100
geekstop711;1331439861760
segagamer99;1331439861760
VirtualGameBoy;1331439861760
Rogueleader1101;755914244100
SuperCorey;1331439861760
VBoy;1331439861760
Nya;1331439861760
gothrunner;1331439861760
Nanis;1331439861760
nopantsx;1331439861760
shipwreck_00;1331439861760
Tack;1331439861760
Kolt;523986010118
Kai;755914244100
Feel;1331439861760
Samus2008;1331439861760
Friend of Sonic;755914244100
sunuv;755914244100
CMills;1331439861760
vappy;1331439861760
drexegar;1331439861760
MunsonRoyE;1331439861760
Ack;1331439861760
David Pimentel;755914244100
Daniel;755914244098
Algoon;1331439861760
Espiox;755914244100
BrandoN GothiK;755914244098
Quate;1331439861760
Soma;1331439861760
choppingmall;1331439861760
el_cut;755914244100
GasMasksOfThePast;1331439861760
Spacehead;1331439861760
pogo;755914244100
in3D;1331439861760
maicoalvim;1331439861760
admeister;755914244100
trippstatic;1331439861760
Xinorok;1331439861760
Bob Backland;755914244100
CrU553;755914244098
ttc817;1331439861760
foil_lone_wolf;1331439861760
Robotbling;755914244100
Fabrizo;755914244100
TheGameFan;1331439861760
Legendary_Zero;1331439861760
DaVince;1331439861760
Viertual Jim;1331439861760
james103;1331439861760
Mr.Anon;1331439861760
speedy;1331439861760
LilRocky;1331439861760
Neil;1331439861760
DaytonaUSA;1331439861760
rcantor77;1331439861760
mark;755914244100
Hiro;1331439861760
WireA2;1331439861760
darkchaosblast;1331439861760
Borman;1331439861760
Emul8tor;1331439861760
juggaloman09;755914244100
tjsynkral;755914244100
Glover;1331439861760
alchemy;1331439861760
tom9358;1331439861760
Italian Boy;1331439861760
Steve;1331439861760
Ray;1331439861760
mutchop;755914244100
amplibax;1331439861760
Camera;1331439861760
cmoliveira;1331439861760
Splain;1331439861760
juanignacioriesco2;1331439861760
jason;1331439861760
adinallin;755914244098
Karnalg;1331439861760
Phil;755914244100
vwguy;1331439861760
*****;755914244100
herc;755914244100
Mr. Halloween;1331439861760
neverbeensoswell;1331439861760
FaZyCrUcK;755914244100
Xatu;1331439861760
jweinberg;1331439861760
lameboyadvance;755914244100
JackFost;755914244100
gladders;1331439861760
Marish V. Card;1331439861760
Virtual Fiend;1331439861760
ryanfullerton91;755914244100
Kuhnaydeein;755914244098
CrazyDean;1331439861760
BlinksTale;1331439861760
forsaken92;1331439861760
TheSmJ;1331439861760
Alucard;755914244100
Ferry Groenendijk;755914244098
secnine;1331439861760
blackeyedgamer;1331439861760
Tonya;755914244100
Jan;755914244100
Lackey;755914244100
bucky;1331439861760
Raijin Z;1331439861760
Dol Guldur;755914244100
btm79;755914244098
SpiceWare;755914244100
ABSENTminded;755914244100
lastkill3r;1331439861760
GabrielHanson2000;1331439861760
koifish;1331439861760
kasper;755914244100
Foxx;1331439861760
Dreammary;1331439861760
Aquanistic;1331439861760
Cosmoterran;1331439861760
Billy Ensign;1331439861760
Randy;1331439861760
Yankeesfan239;1331439861760
daniel;712964571137
Marc;523986010118
Jim1174;1331439861760
AndrewW;755914244100
robski;206158430215
bitxero;1331439861760
Heppner;755914244100
Marioguy;1331439861760
Virtual_Link;1331439861760
crispe;755914244100
eyezofnight;1331439861760
doc_jim;1331439861760
InactiveX;1331439861760
Confusednerd;1331439861760
bazilbourgeois;755914244098
nachosinbed;1331439861760
John;755914244100
Corrifa2;1331439861760
Secret Flatmate;755914244100
Oni;1331439861760
P3n0r;1331439861760
Virtual Pat;755914244100
diisco;755914244100
roelvdm3;1331439861760
VRJZ;1331439861760
Travis;1331439861760
VBabe86;755914244100
dj898;755914244100
amado1977;1331439861760
Paul;755914244098
racerx;755914244100
redbunny;755914244100
Zilkworm;755914244100
scopevanilla;755914244100
virtualboyke;1331439861760
pinmagic;1331439861760
donhonk;1331439861760
alunnaheel;755914244100
rancidskater;1331439861760
Fitty;1331439861760
fAx;755914244098
Andi;755914244098
RareGameCollector;1331439861760
bettencourt76;1331439861760
andy[w];1331439861760
Jagman67;1331439861760
SamIAm;1331439861760
LotsaSpaghetti;1331439861760
PBX;755914244100
Mycah;1331439861760
mmHNmm;1331439861760
StealthNinjaScyther;755914244100
JKouf23;1331439861760
travis;816043786241
Jason Reck;1331439861760
josephmalenkov;755914244100
jrock85;1331439861760
2verb;755914244100
Ares;1331439861760
dantebk;1331439861760
nifwji;1331439861760
Gabor;755914244100
Troglodyte;755914244100
duqtito;1331439861760
vickpena;1331439861760
VirtualBoyYokoi;1331439861760
Panzerblitz;1331439861760
Lord Cubenes;755914244100
Tom;1331439861760
Bidule17;1331439861760
JSwoll;1331439861760
Susan;755914244100
rmcpeeks;1331439861760
skaman;1331439861760
Vallie;1331439861760
Dor-Si;1331439861760
fergo23;1331439861760
RafikiDreamer;1331439861760
patzgamz;755914244100
soul'd out;755914244100
tydyedsyko;1331439861760
MagicManJapan;1331439861760
Supervlieg;755914244100
JohnSReid;1331439861760
nerdyguy64;1331439861760
Morintari;1331439861760
ryucheese;1331439861760
lilhalfdead;755914244100
Scooblee;1331439861760
dumdedum;755914244100
VBA HELP PLEASE!;712964571137
Jeff;1331439861760
darkmath;755914244100
tyler;1331439861760
blcklblskt;755914244100
nvchad2;1331439861760
blowback;1331439861760
VirtualDude;755914244100
Xanamander;1331439861760
procyon;755914244100
Master Chief 2363;755914244100
wilmz68;1331439861760
VirtualChris;1331439861760
famiac;1331439861760
HorvatM;1331439861760
Jaekoff_3;1331439861760
Madmax;755914244098
SSJ Lance;755914244100
ashx;755914244100
REDRUM666;755914244100
Games Galaxy;755914244098
UncleBob;755914244100
element6;1331439861760
Spindick;1331439861760
Spiderbite2002;1331439861760
Prodigy;755914244100
carlo3do;1331439861760
NXRevolution;1331439861760
nmalinoski;1331439861760
Bomberman94;1331439861760
mister x;755914244100
Mistanelsin;1331439861760
virtualnoob;1331439861760
irving;755914244100
someonespecial;755914244100
Dietmar;755914244098
dasjamma;1331439861760
dragz;755914244100
Beta;755914244100
remaxx;755914244100
TheClash603;1331439861760
StarshipUK;1331439861760
BigHead;755914244100
SteveFlash;1331439861760
doubledown;1331439861760
virtualn00b;755914244100
mmora;1331439861760
ciderman;755914244100
Virtual Girl;755914244100
mic_;1331439861760
shadowy_but_immortal;755914244100
Virtualboy [Swe];755914244100
Memnock;755914244100
Dave_;1331439861760
Juan Solano;1331439861760
VirtualRolf;1331439861760
VueMaster;755914244100
Michael H.;755914244098
eebuckeye;755914244100
mawa;1331439861760
That One;1331439861760
ntm7885;755914244100
Notshane;1331439861760
TheGrandPubaa;1331439861760
MoFaJo;1331439861760
ter3;1331439861760
NintendoMB;1331439861760
marioweezer;1331439861760
MarioSonic;1331439861760
ElmerPCFX;1331439861760
goatdan;1331439861760
whataboigah;1331439861760
jumpsteady;1331439861760
idsblake;1331439861760
Andyfell;1331439861760
Artie;1331439861760
jojobean;1331439861760
botted05;755914244100
kynrek;755914244098
AtariWizard;1331439861760
blitter;1331439861760
Vrfan;1331439861760
Guest;755914244100
Revival Studios;1331439861760
ManaSmack;755914244100
Sad, little man;755914244100
MineStorm;1331439861760
ShinobiMan;1331439861760
10YLL;755914244100
jaytee81;1331439861760
Kyopsis;1331439861760
Cheats?;712964571137
sho-sa;755914244098
Quaze;1331439861760
Andy B;755914244100
Awesomessprime;1331439861760
Twilight_Fenrir;1331439861760
Eric;755914244100
Brian S.;755914244100
mr. red;755914244100
Nes Freak;1331439861760
Klax;1331439861760
Bauer Florian;755914244098
ZueriHB;1331439861760
olle;755914244100
consolecollector;1331439861760
Babblu3;1331439861760
freaka-zoid;1331439861760
Vectrexer;1331439861760
dotnfo;755914244100
Angry_Sun;755914244100
kit23;1331439861760
StinkerB06;1331439861760
Aquariusdude;1331439861760
Propster;1331439861760
usch;1331439861760
Chris Evans;755914244098
KoNeko;1331439861760
astro187;1331439861760
boom;1331439861760
TheCamel;755914244100
jaycee900;755914244100
LucasWeatherby;1331439861760
Garrison;1331439861760
VBForever;755914244100
SuToCorp;1331439861760
Your Bill Gate's bitch!;712964571137
dentaku;1331439861760
Martyg;1331439861760
GeekNFreak;1331439861760
Stewie;755914244100
raistlin77it;1331439861760
ArgentoSoma;1331439861760
robneal81;1331439861760
TheTeaGuy;1331439861760
Chrisf;1331439861760
makeinu;755914244100
EVIL NOD;1331439861760
nusilver;1331439861760
Gato;1331439861760
Magus;755914244100
Red Metal;1331439861760
someone;755914244100
Retrogamer72;755914244100
wazzal;1331439861760
SMVB64;1331439861760
Opeth;755914244100
Billy;755914244100
colesonwilson;1331439861760
ongikong;1331439861760
DragonmasterDan;1331439861760
oldschoolnesgamer;1331439861760
VRMike;1331439861760
ParanoidAndroid;755914244100
shiro_akechi;1331439861760
MOLINASON;1331439861760
mrobins230;1331439861760
Sek;1331439861760
Combes;755914244098
Iamstillhiro1112;1331439861760
VirtualLife;755914244100
xs4all;1331439861760
Twila;1331439861760
KRIS;755914244100
Nzdjh;1331439861760
Justin Hayabusa;755914244100
Blue0524;1331439861760
hildenbraugh;1331439861760
Canucktim;1331439861760
1Up;755914244098
sw201444;1331439861760
Jim2029;755914244100
taoworm23;1331439861760
melloman;1331439861760
John E Bravo;1331439861760
sTo0z;1331439861760
andy b;755914244100
shenmueso;1331439861760
UHATEIT;1331439861760
lisalover1;755914244100
Neon Gaming;1331439861760
Johnny365;1331439861760
viper711;1331439861760
Dokstarr;1331439861760
Elrinth;1331439861760
dave4shmups;755914244100
M-A-D-M-A-X;1331439861760
Alexwilkins;1331439861760
Anonymous;755914244100
Teffani;755914244098
Vulpes;1331439861760
TNTisKING;103079215106
GreDe85;1331439861760
J;755914244100
Arseen;755914244100
Lance Barret;755914244100
James10898;1331439861760
ziggaboogi;1331439861760
Koteshi;755914244100
Gaunab;755914244100
yakuza;755914244100
HouseOfPain;1331439861760
Max;171798691840
David cho;1331439861760
icomage;1331439861760
Locobox;1331439861760
Radiac;755914244100
akarigu;1331439861760
wizard;755914244100
MrSparkle;755914244100
louloubeber;1331439861760
vb zach;1331439861760
Dale;1331439861760
kile;712964571137
azila;755914244100
RotoMan;1331439861760
focusrs;1331439861760
atari24;755914244100
0XiX0;1331439861760
Brandon;755914244098
2NiV;755914244100
Levine91;1331439861760
marky242;1331439861760
Sisco;1331439861760
DeAthWaGer;755914244100
Dr.Crackers;1331439861760
MindChild;1331439861760
lucifershalo;755914244100
Shkunk;1331439861760
Dunkelheit;1331439861760
Nightowljrm;1331439861760
VivaLaVirtualBoy;755914244100
TheNix;1331439861760
One Punch Man;1331439861760
him7666;755914244100
l0c4lh0st;755914244100
WeirdoZ;1331439861760
coliver80;1331439861760
GrimBeaver;1331439861760
